<?xml version="1.0" encoding="UTF-8"?>
<document type="com.apple.InterfaceBuilder3.CocoaTouch.Storyboard.XIB" version="3.0" toolsVersion="15400" targetRuntime="iOS.CocoaTouch" propertyAccessControl="none" useAutolayout="YES" useTraitCollections="YES" useSafeAreas="YES" colorMatched="YES" initialViewController="BYZ-38-t0r">
    <device id="retina4_7" orientation="portrait" appearance="light"/>
    <dependencies>
        <plugIn identifier="com.apple.InterfaceBuilder.IBCocoaTouchPlugin" version="15404"/>
        <capability name="Safe area layout guides" minToolsVersion="9.0"/>
        <capability name="documents saved in the Xcode 8 format" minToolsVersion="8.0"/>
    </dependencies>
    <scenes>
        <!--View Controller-->
        <scene sceneID="tne-QT-ifu">
            <objects>
                <viewController id="BYZ-38-t0r" customClass="ViewController" customModule="hi" customModuleProvider="target" sceneMemberID="viewController">
                    <view key="view" contentMode="scaleToFill" id="8bC-Xf-vdC">
                        <rect key="frame" x="0.0" y="0.0" width="375" height="647"/>
                        <autoresizingMask key="autoresizingMask" widthSizable="YES" heightSizable="YES"/>
                        <subviews>
                            <imageView clipsSubviews="YES" userInteractionEnabled="NO" contentMode="scaleAspectFit" horizontalHuggingPriority="251" verticalHuggingPriority="251" image="b9dd27eff2a3776b0451c480f1ba8954" translatesAutoresizingMaskIntoConstraints="NO" id="lNa-eR-m9n">
                                <rect key="frame" x="0.0" y="0.0" width="375" height="647"/>
                            </imageView>
                            <imageView clipsSubviews="YES" userInteractionEnabled="NO" contentMode="scaleAspectFit" horizontalHuggingPriority="251" verticalHuggingPriority="251" fixedFrame="YES" image="CS_Communication_&amp;_Systems_Logo" translatesAutoresizingMaskIntoConstraints="NO" id="EHx-o0-FWY">
                                <rect key="frame" x="135" y="31" width="105" height="65"/>
                                <autoresizingMask key="autoresizingMask" flexibleMaxX="YES" flexibleMaxY="YES"/>
                            </imageView>
                            <imageView clipsSubviews="YES" userInteractionEnabled="NO" contentMode="scaleAspectFit" horizontalHuggingPriority="251" verticalHuggingPriority="251" fixedFrame="YES" image="86-867888_career-clipart-multiple-path-you-confused-about-your" translatesAutoresizingMaskIntoConstraints="NO" id="AMo-k0-0Jh">
                                <rect key="frame" x="40" y="167" width="294" height="297"/>
                                <autoresizingMask key="autoresizingMask" flexibleMaxX="YES" flexibleMaxY="YES"/>
                            </imageView>
                            <label opaque="NO" userInteractionEnabled="NO" contentMode="left" horizontalHuggingPriority="251" verticalHuggingPriority="251" fixedFrame="YES" text="Career shine" textAlignment="center" lineBreakMode="clip" adjustsFontForContentSizeCategory="YES" adjustsFontSizeToFit="NO" translatesAutoresizingMaskIntoConstraints="NO" id="QXX-cE-qPk">
                                <rect key="frame" x="45" y="79" width="294" height="80"/>
                                <autoresizingMask key="autoresizingMask" flexibleMaxX="YES" flexibleMaxY="YES"/>
                                <fontDescription key="fontDescription" type="italicSystem" pointSize="41"/>
                                <color key="textColor" cocoaTouchSystemColor="darkTextColor"/>
                                <color key="highlightedColor" cocoaTouchSystemColor="darkTextColor"/>
                            </label>
                            <button opaque="NO" contentMode="scaleToFill" fixedFrame="YES" contentHorizontalAlignment="center" contentVerticalAlignment="center" buttonType="roundedRect" lineBreakMode="middleTruncation" translatesAutoresizingMaskIntoConstraints="NO" id="0qa-z8-HPV">
                                <rect key="frame" x="29" y="497" width="317" height="88"/>
                                <autoresizingMask key="autoresizingMask" flexibleMaxX="YES" flexibleMaxY="YES"/>
                                <fontDescription key="fontDescription" type="system" pointSize="25"/>
                                <state key="normal" title="click on this button" backgroundImage="buttons_PNG21">
                                    <color key="titleColor" systemColor="systemRedColor" red="1" green="0.23137254900000001" blue="0.18823529410000001" alpha="1" colorSpace="custom" customColorSpace="sRGB"/>
                                </state>
                                <connections>
                                    <segue destination="a5d-G4-A1n" kind="show" id="O7i-3A-6SU"/>
                                </connections>
                            </button>
                        </subviews>
                        <color key="backgroundColor" white="0.66666666666666663" alpha="1" colorSpace="custom" customColorSpace="genericGamma22GrayColorSpace"/>
                        <color key="tintColor" cocoaTouchSystemColor="groupTableViewBackgroundColor"/>
                        <constraints>
                            <constraint firstAttribute="bottom" secondItem="lNa-eR-m9n" secondAttribute="bottom" id="6gG-hK-d38"/>
                            <constraint firstAttribute="trailing" secondItem="lNa-eR-m9n" secondAttribute="trailing" id="Sdi-bY-2ZQ"/>
                            <constraint firstItem="lNa-eR-m9n" firstAttribute="top" secondItem="8bC-Xf-vdC" secondAttribute="top" id="Wx3-7z-y5h"/>
                            <constraint firstAttribute="trailing" secondItem="lNa-eR-m9n" secondAttribute="trailing" id="fal-8P-PHx"/>
                            <constraint firstItem="lNa-eR-m9n" firstAttribute="leading" secondItem="8bC-Xf-vdC" secondAttribute="leading" id="hcv-QQ-aFB"/>
                            <constraint firstItem="lNa-eR-m9n" firstAttribute="leading" secondItem="8bC-Xf-vdC" secondAttribute="leading" id="t1K-07-5go"/>
                            <constraint firstItem="lNa-eR-m9n" firstAttribute="top" secondItem="8bC-Xf-vdC" secondAttribute="top" id="y5i-tv-huu"/>
                            <constraint firstAttribute="bottom" secondItem="lNa-eR-m9n" secondAttribute="bottom" id="yyf-h0-HcS"/>
                        </constraints>
                        <viewLayoutGuide key="safeArea" id="6Tk-OE-BBY"/>
                    </view>
                    <navigationItem key="navigationItem" id="Zm4-hK-4lT"/>
                </viewController>
                <placeholder placeholderIdentifier="IBFirstResponder" id="dkx-z0-nzr" sceneMemberID="firstResponder"/>
            </objects>
            <point key="canvasLocation" x="303" y="107"/>
        </scene>
        <!--View Controller-->
        <scene sceneID="Rfo-tF-Str">
            <objects>
                <viewController id="a5d-G4-A1n" sceneMemberID="viewController">
                    <view key="view" alpha="0.94999999999999996" contentMode="scaleToFill" id="GPs-ze-ofG">
                        <rect key="frame" x="0.0" y="0.0" width="375" height="647"/>
                        <autoresizingMask key="autoresizingMask" widthSizable="YES" heightSizable="YES"/>
                        <subviews>
                            <button opaque="NO" contentMode="scaleToFill" fixedFrame="YES" contentHorizontalAlignment="center" contentVerticalAlignment="center" buttonType="roundedRect" lineBreakMode="middleTruncation" translatesAutoresizingMaskIntoConstraints="NO" id="Zxc-vg-ybR">
                                <rect key="frame" x="34" y="500" width="307" height="147"/>
                                <autoresizingMask key="autoresizingMask" flexibleMaxX="YES" flexibleMaxY="YES"/>
                                <fontDescription key="fontDescription" type="system" pointSize="29"/>
                                <state key="normal" title="Back" backgroundImage="Back">
                                    <color key="titleColor" cocoaTouchSystemColor="groupTableViewBackgroundColor"/>
                                </state>
                                <connections>
                                    <segue destination="BYZ-38-t0r" kind="show" id="nzN-Nb-sbU"/>
                                </connections>
                            </button>
                            <button opaque="NO" contentMode="scaleToFill" fixedFrame="YES" contentHorizontalAlignment="center" contentVerticalAlignment="center" buttonType="roundedRect" lineBreakMode="middleTruncation" translatesAutoresizingMaskIntoConstraints="NO" id="fNl-OZ-eG3">
                                <rect key="frame" x="34" y="48" width="307" height="102"/>
                                <autoresizingMask key="autoresizingMask" flexibleMaxX="YES" flexibleMaxY="YES"/>
                                <state key="normal" title="After 10th ?" backgroundImage="buttons_PNG21">
                                    <color key="titleColor" cocoaTouchSystemColor="darkTextColor"/>
                                </state>
                                <connections>
                                    <segue destination="tGk-WZ-NYM" kind="show" id="1U0-Gi-fXm"/>
                                </connections>
                            </button>
                            <button opaque="NO" contentMode="scaleToFill" fixedFrame="YES" contentHorizontalAlignment="center" contentVerticalAlignment="center" buttonType="roundedRect" lineBreakMode="middleTruncation" translatesAutoresizingMaskIntoConstraints="NO" id="xko-ax-afX">
                                <rect key="frame" x="34" y="158" width="307" height="102"/>
                                <autoresizingMask key="autoresizingMask" flexibleMaxX="YES" flexibleMaxY="YES"/>
                                <state key="normal" title="After 12th ?" backgroundImage="buttons_PNG21">
                                    <color key="titleColor" cocoaTouchSystemColor="darkTextColor"/>
                                </state>
                                <connections>
                                    <segue destination="zM6-yU-FMF" kind="show" id="5HP-cE-6lT"/>
                                </connections>
                            </button>
                            <button opaque="NO" contentMode="scaleToFill" fixedFrame="YES" contentHorizontalAlignment="center" contentVerticalAlignment="center" buttonType="roundedRect" lineBreakMode="middleTruncation" translatesAutoresizingMaskIntoConstraints="NO" id="EOc-Fd-CtG">
                                <rect key="frame" x="34" y="268" width="307" height="102"/>
                                <autoresizingMask key="autoresizingMask" flexibleMaxX="YES" flexibleMaxY="YES"/>
                                <state key="normal" title="After Graduation" backgroundImage="buttons_PNG21">
                                    <color key="titleColor" cocoaTouchSystemColor="darkTextColor"/>
                                </state>
                                <connections>
                                    <segue destination="i1P-jh-ipF" kind="show" id="RQz-5V-45M"/>
                                </connections>
                            </button>
                            <button opaque="NO" contentMode="scaleToFill" fixedFrame="YES" contentHorizontalAlignment="center" contentVerticalAlignment="center" buttonType="roundedRect" lineBreakMode="middleTruncation" translatesAutoresizingMaskIntoConstraints="NO" id="PmO-Id-onc">
                                <rect key="frame" x="34" y="378" width="307" height="102"/>
                                <autoresizingMask key="autoresizingMask" flexibleMaxX="YES" flexibleMaxY="YES"/>
                                <state key="normal" title="complete career guidence chart" backgroundImage="buttons_PNG21">
                                    <color key="titleColor" cocoaTouchSystemColor="darkTextColor"/>
                                </state>
                                <connections>
                                    <segue destination="c7k-00-gC8" kind="show" id="83Q-q1-O21"/>
                                </connections>
                            </button>
                        </subviews>
                        <color key="backgroundColor" white="0.66666666666666663" alpha="1" colorSpace="custom" customColorSpace="genericGamma22GrayColorSpace"/>
                        <viewLayoutGuide key="safeArea" id="oPd-iD-DaT"/>
                    </view>
                    <navigationItem key="navigationItem" id="T7C-Jr-yDd"/>
                </viewController>
                <placeholder placeholderIdentifier="IBFirstResponder" id="c7A-oQ-X0S" userLabel="First Responder" customClass="UIResponder" sceneMemberID="firstResponder"/>
            </objects>
            <point key="canvasLocation" x="1042.4000000000001" y="110.19490254872565"/>
        </scene>
        <!--View Controller-->
        <scene sceneID="1zE-Fh-yTr">
            <objects>
                <viewController id="tGk-WZ-NYM" sceneMemberID="viewController">
                    <view key="view" contentMode="scaleToFill" id="X5u-RM-igY">
                        <rect key="frame" x="0.0" y="0.0" width="375" height="647"/>
                        <autoresizingMask key="autoresizingMask" widthSizable="YES" heightSizable="YES"/>
                        <subviews>
                            <button opaque="NO" contentMode="scaleToFill" fixedFrame="YES" contentHorizontalAlignment="center" contentVerticalAlignment="center" buttonType="roundedRect" lineBreakMode="middleTruncation" translatesAutoresizingMaskIntoConstraints="NO" id="gB9-R3-8yg">
                                <rect key="frame" x="34" y="520" width="307" height="147"/>
                                <autoresizingMask key="autoresizingMask" flexibleMaxX="YES" flexibleMaxY="YES"/>
                                <fontDescription key="fontDescription" type="system" pointSize="29"/>
                                <state key="normal" title="Back" backgroundImage="Back">
                                    <color key="titleColor" cocoaTouchSystemColor="groupTableViewBackgroundColor"/>
                                </state>
                                <connections>
                                    <segue destination="a5d-G4-A1n" kind="show" id="wGl-83-TbT"/>
                                </connections>
                            </button>
                            <button opaque="NO" contentMode="scaleToFill" fixedFrame="YES" contentHorizontalAlignment="center" contentVerticalAlignment="center" buttonType="roundedRect" lineBreakMode="middleTruncation" translatesAutoresizingMaskIntoConstraints="NO" id="Ouj-HK-b3y">
                                <rect key="frame" x="50" y="33" width="307" height="102"/>
                                <autoresizingMask key="autoresizingMask" flexibleMaxX="YES" flexibleMaxY="YES"/>
                                <state key="normal" title="Science stream" backgroundImage="buttons_PNG21">
                                    <color key="titleColor" cocoaTouchSystemColor="darkTextColor"/>
                                </state>
                                <connections>
                                    <segue destination="ubI-fR-2ac" kind="show" id="bQw-vB-eG6"/>
                                </connections>
                            </button>
                            <button opaque="NO" contentMode="scaleToFill" fixedFrame="YES" contentHorizontalAlignment="center" contentVerticalAlignment="center" buttonType="roundedRect" lineBreakMode="middleTruncation" translatesAutoresizingMaskIntoConstraints="NO" id="Wbx-xf-5u3">
                                <rect key="frame" x="50" y="132" width="307" height="102"/>
                                <autoresizingMask key="autoresizingMask" flexibleMaxX="YES" flexibleMaxY="YES"/>
                                <state key="normal" title="Commerce  stream" backgroundImage="buttons_PNG21">
                                    <color key="titleColor" cocoaTouchSystemColor="darkTextColor"/>
                                </state>
                                <connections>
                                    <segue destination="s3L-Ek-qLM" kind="show" id="YUw-ce-1SY"/>
                                </connections>
                            </button>
                            <button opaque="NO" contentMode="scaleToFill" fixedFrame="YES" contentHorizontalAlignment="center" contentVerticalAlignment="center" buttonType="roundedRect" lineBreakMode="middleTruncation" translatesAutoresizingMaskIntoConstraints="NO" id="3EG-4e-moW">
                                <rect key="frame" x="50" y="229" width="307" height="102"/>
                                <autoresizingMask key="autoresizingMask" flexibleMaxX="YES" flexibleMaxY="YES"/>
                                <state key="normal" title="Arts stream" backgroundImage="buttons_PNG21">
                                    <color key="titleColor" cocoaTouchSystemColor="darkTextColor"/>
                                </state>
                                <connections>
                                    <segue destination="gNq-La-GO2" kind="show" id="WJD-vN-F8F"/>
                                </connections>
                            </button>
                            <button opaque="NO" contentMode="scaleToFill" fixedFrame="YES" contentHorizontalAlignment="center" contentVerticalAlignment="center" buttonType="roundedRect" lineBreakMode="middleTruncation" translatesAutoresizingMaskIntoConstraints="NO" id="eJj-vC-Sh6">
                                <rect key="frame" x="50" y="326" width="307" height="102"/>
                                <autoresizingMask key="autoresizingMask" flexibleMaxX="YES" flexibleMaxY="YES"/>
                                <state key="normal" title="Diplamo" backgroundImage="buttons_PNG21">
                                    <color key="titleColor" cocoaTouchSystemColor="darkTextColor"/>
                                </state>
                                <connections>
                                    <segue destination="hhW-Q1-Wbl" kind="show" id="4Ro-bC-Wby"/>
                                </connections>
                            </button>
                        </subviews>
                        <color key="backgroundColor" white="0.66666666666666663" alpha="1" colorSpace="custom" customColorSpace="genericGamma22GrayColorSpace"/>
                        <viewLayoutGuide key="safeArea" id="LME-OZ-RsL"/>
                    </view>
                    <navigationItem key="navigationItem" id="ROk-aS-ivT"/>
                </viewController>
                <placeholder placeholderIdentifier="IBFirstResponder" id="oDg-YN-I6n" userLabel="First Responder" customClass="UIResponder" sceneMemberID="firstResponder"/>
            </objects>
            <point key="canvasLocation" x="1812" y="110"/>
        </scene>
        <!--View Controller-->
        <scene sceneID="j9S-FH-ZhM">
            <objects>
                <viewController id="s3L-Ek-qLM" sceneMemberID="viewController">
                    <view key="view" contentMode="scaleToFill" id="Dsf-ka-dfb">
                        <rect key="frame" x="0.0" y="0.0" width="375" height="647"/>
                        <autoresizingMask key="autoresizingMask" widthSizable="YES" heightSizable="YES"/>
                        <subviews>
                            <button opaque="NO" contentMode="scaleToFill" fixedFrame="YES" contentHorizontalAlignment="center" contentVerticalAlignment="center" buttonType="roundedRect" lineBreakMode="middleTruncation" translatesAutoresizingMaskIntoConstraints="NO" id="9kJ-jX-I7h">
                                <rect key="frame" x="34" y="500" width="307" height="147"/>
                                <autoresizingMask key="autoresizingMask" flexibleMaxX="YES" flexibleMaxY="YES"/>
                                <fontDescription key="fontDescription" type="system" pointSize="29"/>
                                <state key="normal" title="Back" backgroundImage="Back">
                                    <color key="titleColor" cocoaTouchSystemColor="groupTableViewBackgroundColor"/>
                                </state>
                                <connections>
                                    <segue destination="tGk-WZ-NYM" kind="show" id="cfl-k1-kxG"/>
                                </connections>
                            </button>
                            <imageView clipsSubviews="YES" userInteractionEnabled="NO" contentMode="scaleAspectFit" horizontalHuggingPriority="251" verticalHuggingPriority="251" fixedFrame="YES" image="commerce" translatesAutoresizingMaskIntoConstraints="NO" id="ImB-sM-0YY">
                                <rect key="frame" x="0.0" y="0.0" width="375" height="492"/>
                                <autoresizingMask key="autoresizingMask" flexibleMaxX="YES" flexibleMaxY="YES"/>
                            </imageView>
                        </subviews>
                        <color key="backgroundColor" systemColor="systemBackgroundColor" cocoaTouchSystemColor="whiteColor"/>
                        <viewLayoutGuide key="safeArea" id="qZ3-qF-u5j"/>
                    </view>
                    <navigationItem key="navigationItem" id="Yie-zb-sdP"/>
                </viewController>
                <placeholder placeholderIdentifier="IBFirstResponder" id="Fbu-5b-JwN" userLabel="First Responder" customClass="UIResponder" sceneMemberID="firstResponder"/>
            </objects>
            <point key="canvasLocation" x="2669.5999999999999" y="22.938530734632685"/>
        </scene>
        <!--View Controller-->
        <scene sceneID="xXV-7N-po4">
            <objects>
                <viewController id="zM6-yU-FMF" sceneMemberID="viewController">
                    <view key="view" contentMode="scaleToFill" id="ntC-BZ-6yi">
                        <rect key="frame" x="0.0" y="0.0" width="375" height="647"/>
                        <autoresizingMask key="autoresizingMask" widthSizable="YES" heightSizable="YES"/>
                        <subviews>
                            <button opaque="NO" contentMode="scaleToFill" fixedFrame="YES" contentHorizontalAlignment="center" contentVerticalAlignment="center" buttonType="roundedRect" lineBreakMode="middleTruncation" translatesAutoresizingMaskIntoConstraints="NO" id="eGd-YG-Upf">
                                <rect key="frame" x="34" y="520" width="307" height="147"/>
                                <autoresizingMask key="autoresizingMask" flexibleMaxX="YES" flexibleMaxY="YES"/>
                                <fontDescription key="fontDescription" type="system" pointSize="29"/>
                                <state key="normal" title="Back" backgroundImage="Back">
                                    <color key="titleColor" cocoaTouchSystemColor="groupTableViewBackgroundColor"/>
                                </state>
                                <connections>
                                    <segue destination="a5d-G4-A1n" kind="show" id="FbA-fp-04O"/>
                                </connections>
                            </button>
                            <button opaque="NO" contentMode="scaleToFill" fixedFrame="YES" contentHorizontalAlignment="center" contentVerticalAlignment="center" buttonType="roundedRect" lineBreakMode="middleTruncation" translatesAutoresizingMaskIntoConstraints="NO" id="Qcd-U5-4EI">
                                <rect key="frame" x="43" y="30" width="307" height="102"/>
                                <autoresizingMask key="autoresizingMask" flexibleMaxX="YES" flexibleMaxY="YES"/>
                                <state key="normal" title="Science stream after 12th" backgroundImage="buttons_PNG21">
                                    <color key="titleColor" cocoaTouchSystemColor="darkTextColor"/>
                                </state>
                                <connections>
                                    <segue destination="fFV-ze-Mf7" kind="show" id="0oQ-h6-SFs"/>
                                </connections>
                            </button>
                            <button opaque="NO" contentMode="scaleToFill" fixedFrame="YES" contentHorizontalAlignment="center" contentVerticalAlignment="center" buttonType="roundedRect" lineBreakMode="middleTruncation" translatesAutoresizingMaskIntoConstraints="NO" id="3zE-0X-1yj">
                                <rect key="frame" x="43" y="129" width="307" height="102"/>
                                <autoresizingMask key="autoresizingMask" flexibleMaxX="YES" flexibleMaxY="YES"/>
                                <state key="normal" title="commerce stream after 12th" backgroundImage="buttons_PNG21">
                                    <color key="titleColor" cocoaTouchSystemColor="darkTextColor"/>
                                </state>
                                <connections>
                                    <segue destination="s5W-dt-O2l" kind="show" id="Rbu-k0-pIv"/>
                                </connections>
                            </button>
                            <button opaque="NO" contentMode="scaleToFill" fixedFrame="YES" contentHorizontalAlignment="center" contentVerticalAlignment="center" buttonType="roundedRect" lineBreakMode="middleTruncation" translatesAutoresizingMaskIntoConstraints="NO" id="ZHs-QE-07G">
                                <rect key="frame" x="43" y="239" width="307" height="102"/>
                                <autoresizingMask key="autoresizingMask" flexibleMaxX="YES" flexibleMaxY="YES"/>
                                <state key="normal" title="arts stream after 12th" backgroundImage="buttons_PNG21">
                                    <color key="titleColor" cocoaTouchSystemColor="darkTextColor"/>
                                </state>
                                <connections>
                                    <segue destination="zda-hn-ng3" kind="show" id="xJu-gO-pKY"/>
                                </connections>
                            </button>
                            <button opaque="NO" contentMode="scaleToFill" fixedFrame="YES" contentHorizontalAlignment="center" contentVerticalAlignment="center" buttonType="roundedRect" lineBreakMode="middleTruncation" translatesAutoresizingMaskIntoConstraints="NO" id="qvQ-XF-iOA">
                                <rect key="frame" x="43" y="349" width="307" height="102"/>
                                <autoresizingMask key="autoresizingMask" flexibleMaxX="YES" flexibleMaxY="YES"/>
                                <state key="normal" title="After Diplamo" backgroundImage="buttons_PNG21">
                                    <color key="titleColor" cocoaTouchSystemColor="darkTextColor"/>
                                </state>
                                <connections>
                                    <segue destination="722-Ag-TWO" kind="show" id="79b-je-E7y"/>
                                </connections>
                            </button>
                        </subviews>
                        <color key="backgroundColor" white="0.66666666666666663" alpha="1" colorSpace="custom" customColorSpace="genericGamma22GrayColorSpace"/>
                        <viewLayoutGuide key="safeArea" id="RvX-PZ-zg9"/>
                    </view>
                    <navigationItem key="navigationItem" id="q2v-Iz-9HE"/>
                </viewController>
                <placeholder placeholderIdentifier="IBFirstResponder" id="hgJ-Xt-dkv" userLabel="First Responder" customClass="UIResponder" sceneMemberID="firstResponder"/>
            </objects>
            <point key="canvasLocation" x="3636" y="53"/>
        </scene>
        <!--View Controller-->
        <scene sceneID="sRi-YX-15A">
            <objects>
                <viewController id="s5W-dt-O2l" sceneMemberID="viewController">
                    <view key="view" contentMode="scaleToFill" id="jW1-45-9NX">
                        <rect key="frame" x="0.0" y="0.0" width="375" height="647"/>
                        <autoresizingMask key="autoresizingMask" widthSizable="YES" heightSizable="YES"/>
                        <subviews>
                            <button opaque="NO" contentMode="scaleToFill" fixedFrame="YES" contentHorizontalAlignment="center" contentVerticalAlignment="center" buttonType="roundedRect" lineBreakMode="middleTruncation" translatesAutoresizingMaskIntoConstraints="NO" id="ciy-8H-3km">
                                <rect key="frame" x="34" y="534" width="307" height="147"/>
                                <autoresizingMask key="autoresizingMask" flexibleMaxX="YES" flexibleMaxY="YES"/>
                                <fontDescription key="fontDescription" type="system" pointSize="29"/>
                                <state key="normal" title="Back" backgroundImage="Back">
                                    <color key="titleColor" cocoaTouchSystemColor="groupTableViewBackgroundColor"/>
                                </state>
                                <connections>
                                    <segue destination="zM6-yU-FMF" kind="show" id="N89-mB-Adh"/>
                                </connections>
                            </button>
                            <imageView clipsSubviews="YES" userInteractionEnabled="NO" contentMode="scaleAspectFit" horizontalHuggingPriority="251" verticalHuggingPriority="251" fixedFrame="YES" image="12 commerce" translatesAutoresizingMaskIntoConstraints="NO" id="Hse-wA-0DN">
                                <rect key="frame" x="0.0" y="0.0" width="375" height="526"/>
                                <autoresizingMask key="autoresizingMask" flexibleMaxX="YES" flexibleMaxY="YES"/>
                            </imageView>
                        </subviews>
                        <color key="backgroundColor" systemColor="systemBackgroundColor" cocoaTouchSystemColor="whiteColor"/>
                        <viewLayoutGuide key="safeArea" id="sSj-ta-YBp"/>
                    </view>
                    <navigationItem key="navigationItem" id="7SE-hK-KZB"/>
                </viewController>
                <placeholder placeholderIdentifier="IBFirstResponder" id="9Uk-RA-DMb" userLabel="First Responder" customClass="UIResponder" sceneMemberID="firstResponder"/>
            </objects>
            <point key="canvasLocation" x="4676" y="52.623688155922046"/>
        </scene>
        <!--View Controller-->
        <scene sceneID="vej-yS-ORH">
            <objects>
                <viewController id="zda-hn-ng3" sceneMemberID="viewController">
                    <view key="view" contentMode="scaleToFill" id="EkC-z9-7hj">
                        <rect key="frame" x="0.0" y="0.0" width="375" height="647"/>
                        <autoresizingMask key="autoresizingMask" widthSizable="YES" heightSizable="YES"/>
                        <subviews>
                            <button opaque="NO" contentMode="scaleToFill" fixedFrame="YES" contentHorizontalAlignment="center" contentVerticalAlignment="center" buttonType="roundedRect" lineBreakMode="middleTruncation" translatesAutoresizingMaskIntoConstraints="NO" id="h7D-Bh-h8O">
                                <rect key="frame" x="34" y="520" width="307" height="147"/>
                                <autoresizingMask key="autoresizingMask" flexibleMaxX="YES" flexibleMaxY="YES"/>
                                <fontDescription key="fontDescription" type="system" pointSize="29"/>
                                <state key="normal" title="Back" backgroundImage="Back">
                                    <color key="titleColor" cocoaTouchSystemColor="groupTableViewBackgroundColor"/>
                                </state>
                                <connections>
                                    <segue destination="zM6-yU-FMF" kind="show" id="CjM-4S-1DG"/>
                                </connections>
                            </button>
                            <imageView clipsSubviews="YES" userInteractionEnabled="NO" contentMode="scaleAspectFit" horizontalHuggingPriority="251" verticalHuggingPriority="251" fixedFrame="YES" image="arts-courses 12" translatesAutoresizingMaskIntoConstraints="NO" id="gDj-2M-nqZ">
                                <rect key="frame" x="0.0" y="0.0" width="375" height="526"/>
                                <autoresizingMask key="autoresizingMask" flexibleMaxX="YES" flexibleMaxY="YES"/>
                            </imageView>
                        </subviews>
                        <color key="backgroundColor" systemColor="systemBackgroundColor" cocoaTouchSystemColor="whiteColor"/>
                        <viewLayoutGuide key="safeArea" id="3gQ-dF-RRT"/>
                    </view>
                    <navigationItem key="navigationItem" id="AfT-RL-nkz"/>
                </viewController>
                <placeholder placeholderIdentifier="IBFirstResponder" id="7fd-sL-Fb6" userLabel="First Responder" customClass="UIResponder" sceneMemberID="firstResponder"/>
            </objects>
            <point key="canvasLocation" x="4671" y="779"/>
        </scene>
        <!--View Controller-->
        <scene sceneID="SFM-MJ-k3u">
            <objects>
                <viewController id="c7k-00-gC8" sceneMemberID="viewController">
                    <view key="view" contentMode="scaleToFill" id="cfL-R9-OzG">
                        <rect key="frame" x="0.0" y="0.0" width="375" height="647"/>
                        <autoresizingMask key="autoresizingMask" widthSizable="YES" heightSizable="YES"/>
                        <subviews>
                            <button opaque="NO" contentMode="scaleToFill" fixedFrame="YES" contentHorizontalAlignment="center" contentVerticalAlignment="center" buttonType="roundedRect" lineBreakMode="middleTruncation" translatesAutoresizingMaskIntoConstraints="NO" id="fpL-iY-J47">
                                <rect key="frame" x="34" y="520" width="307" height="147"/>
                                <autoresizingMask key="autoresizingMask" flexibleMaxX="YES" flexibleMaxY="YES"/>
                                <fontDescription key="fontDescription" type="system" pointSize="29"/>
                                <state key="normal" title="Back" backgroundImage="Back">
                                    <color key="titleColor" cocoaTouchSystemColor="groupTableViewBackgroundColor"/>
                                </state>
                                <connections>
                                    <segue destination="a5d-G4-A1n" kind="show" id="vwa-ZB-zPu"/>
                                </connections>
                            </button>
                            <imageView clipsSubviews="YES" userInteractionEnabled="NO" contentMode="scaleAspectFit" horizontalHuggingPriority="251" verticalHuggingPriority="251" fixedFrame="YES" image="all" translatesAutoresizingMaskIntoConstraints="NO" id="aDw-yW-ZtW">
                                <rect key="frame" x="0.0" y="0.0" width="375" height="526"/>
                                <autoresizingMask key="autoresizingMask" flexibleMaxX="YES" flexibleMaxY="YES"/>
                            </imageView>
                        </subviews>
                        <color key="backgroundColor" systemColor="systemBackgroundColor" cocoaTouchSystemColor="whiteColor"/>
                        <viewLayoutGuide key="safeArea" id="1DP-64-5cH"/>
                    </view>
                    <navigationItem key="navigationItem" id="dsH-Of-sel"/>
                </viewController>
                <placeholder placeholderIdentifier="IBFirstResponder" id="y2Q-HV-hji" userLabel="First Responder" customClass="UIResponder" sceneMemberID="firstResponder"/>
            </objects>
            <point key="canvasLocation" x="5995" y="476"/>
        </scene>
        <!--View Controller-->
        <scene sceneID="DTp-xs-iro">
            <objects>
                <viewController id="722-Ag-TWO" sceneMemberID="viewController">
                    <view key="view" contentMode="scaleToFill" id="yqe-Ii-A8q">
                        <rect key="frame" x="0.0" y="0.0" width="375" height="647"/>
                        <autoresizingMask key="autoresizingMask" widthSizable="YES" heightSizable="YES"/>
                        <subviews>
                            <button opaque="NO" contentMode="scaleToFill" fixedFrame="YES" contentHorizontalAlignment="center" contentVerticalAlignment="center" buttonType="roundedRect" lineBreakMode="middleTruncation" translatesAutoresizingMaskIntoConstraints="NO" id="W9c-J9-1t2">
                                <rect key="frame" x="37" y="540" width="307" height="147"/>
                                <autoresizingMask key="autoresizingMask" flexibleMaxX="YES" flexibleMaxY="YES"/>
                                <fontDescription key="fontDescription" type="system" pointSize="29"/>
                                <state key="normal" title="Back" backgroundImage="Back">
                                    <color key="titleColor" cocoaTouchSystemColor="groupTableViewBackgroundColor"/>
                                </state>
                                <connections>
                                    <segue destination="zM6-yU-FMF" kind="show" id="Ukh-dp-xZX"/>
                                </connections>
                            </button>
                            <imageView clipsSubviews="YES" userInteractionEnabled="NO" contentMode="scaleAspectFit" horizontalHuggingPriority="251" verticalHuggingPriority="251" fixedFrame="YES" image="diplamo 12" translatesAutoresizingMaskIntoConstraints="NO" id="wcG-Y6-cWt">
                                <rect key="frame" x="0.0" y="0.0" width="375" height="526"/>
                                <autoresizingMask key="autoresizingMask" flexibleMaxX="YES" flexibleMaxY="YES"/>
                            </imageView>
                        </subviews>
                        <color key="backgroundColor" systemColor="systemBackgroundColor" cocoaTouchSystemColor="whiteColor"/>
                        <viewLayoutGuide key="safeArea" id="gfb-rU-Bpn"/>
                    </view>
                    <navigationItem key="navigationItem" id="aVM-Ai-fmH"/>
                </viewController>
                <placeholder placeholderIdentifier="IBFirstResponder" id="YNM-4q-fiS" userLabel="First Responder" customClass="UIResponder" sceneMemberID="firstResponder"/>
            </objects>
            <point key="canvasLocation" x="4660" y="1533"/>
        </scene>
        <!--View Controller-->
        <scene sceneID="MZz-bu-ZLk">
            <objects>
                <viewController id="fFV-ze-Mf7" sceneMemberID="viewController">
                    <view key="view" contentMode="scaleToFill" id="BR8-KO-AdM">
                        <rect key="frame" x="0.0" y="0.0" width="375" height="647"/>
                        <autoresizingMask key="autoresizingMask" widthSizable="YES" heightSizable="YES"/>
                        <subviews>
                            <button opaque="NO" contentMode="scaleToFill" fixedFrame="YES" contentHorizontalAlignment="center" contentVerticalAlignment="center" buttonType="roundedRect" lineBreakMode="middleTruncation" translatesAutoresizingMaskIntoConstraints="NO" id="Yjc-w4-dXG">
                                <rect key="frame" x="34" y="533" width="307" height="147"/>
                                <autoresizingMask key="autoresizingMask" flexibleMaxX="YES" flexibleMaxY="YES"/>
                                <fontDescription key="fontDescription" type="system" pointSize="29"/>
                                <state key="normal" title="Back" backgroundImage="Back">
                                    <color key="titleColor" cocoaTouchSystemColor="groupTableViewBackgroundColor"/>
                                </state>
                                <connections>
                                    <segue destination="zM6-yU-FMF" kind="show" id="QEy-uD-4uO"/>
                                </connections>
                            </button>
                            <imageView clipsSubviews="YES" userInteractionEnabled="NO" contentMode="scaleAspectFit" horizontalHuggingPriority="251" verticalHuggingPriority="251" fixedFrame="YES" image="Class 12 Science" translatesAutoresizingMaskIntoConstraints="NO" id="niR-tv-ibW">
                                <rect key="frame" x="0.0" y="0.0" width="375" height="526"/>
                                <autoresizingMask key="autoresizingMask" flexibleMaxX="YES" flexibleMaxY="YES"/>
                            </imageView>
                        </subviews>
                        <color key="backgroundColor" systemColor="systemBackgroundColor" cocoaTouchSystemColor="whiteColor"/>
                        <viewLayoutGuide key="safeArea" id="pY3-KS-Hz2"/>
                    </view>
                    <navigationItem key="navigationItem" id="iqr-XL-maC"/>
                </viewController>
                <placeholder placeholderIdentifier="IBFirstResponder" id="GYH-Y9-kiE" userLabel="First Responder" customClass="UIResponder" sceneMemberID="firstResponder"/>
            </objects>
            <point key="canvasLocation" x="4669.6000000000004" y="-700.29985007496259"/>
        </scene>
        <!--View Controller-->
        <scene sceneID="mu2-ir-EIs">
            <objects>
                <viewController id="i1P-jh-ipF" sceneMemberID="viewController">
                    <view key="view" contentMode="scaleToFill" id="F1n-ca-LHy">
                        <rect key="frame" x="0.0" y="0.0" width="375" height="647"/>
                        <autoresizingMask key="autoresizingMask" widthSizable="YES" heightSizable="YES"/>
                        <subviews>
                            <button opaque="NO" contentMode="scaleToFill" fixedFrame="YES" contentHorizontalAlignment="center" contentVerticalAlignment="center" buttonType="roundedRect" lineBreakMode="middleTruncation" translatesAutoresizingMaskIntoConstraints="NO" id="Wnl-9O-UOR">
                                <rect key="frame" x="34" y="500" width="307" height="147"/>
                                <autoresizingMask key="autoresizingMask" flexibleMaxX="YES" flexibleMaxY="YES"/>
                                <fontDescription key="fontDescription" type="system" pointSize="29"/>
                                <state key="normal" title="Back" backgroundImage="Back">
                                    <color key="titleColor" cocoaTouchSystemColor="groupTableViewBackgroundColor"/>
                                </state>
                                <connections>
                                    <segue destination="a5d-G4-A1n" kind="show" id="VEA-RD-tnO"/>
                                </connections>
                            </button>
                            <imageView clipsSubviews="YES" userInteractionEnabled="NO" contentMode="scaleAspectFit" horizontalHuggingPriority="251" verticalHuggingPriority="251" fixedFrame="YES" image="after graduation" translatesAutoresizingMaskIntoConstraints="NO" id="Vw7-6w-eJq">
                                <rect key="frame" x="0.0" y="0.0" width="375" height="526"/>
                                <autoresizingMask key="autoresizingMask" flexibleMaxX="YES" flexibleMaxY="YES"/>
                            </imageView>
                        </subviews>
                        <color key="backgroundColor" systemColor="systemBackgroundColor" cocoaTouchSystemColor="whiteColor"/>
                        <viewLayoutGuide key="safeArea" id="QAa-Zy-jfO"/>
                    </view>
                    <navigationItem key="navigationItem" id="yOK-zU-Hbg"/>
                </viewController>
                <placeholder placeholderIdentifier="IBFirstResponder" id="isc-9V-q91" userLabel="First Responder" customClass="UIResponder" sceneMemberID="firstResponder"/>
            </objects>
            <point key="canvasLocation" x="5859" y="-451"/>
        </scene>
        <!--View Controller-->
        <scene sceneID="YeH-5z-NF2">
            <objects>
                <viewController id="gNq-La-GO2" sceneMemberID="viewController">
                    <view key="view" contentMode="scaleToFill" id="bvY-Sg-heB">
                        <rect key="frame" x="0.0" y="0.0" width="375" height="647"/>
                        <autoresizingMask key="autoresizingMask" widthSizable="YES" heightSizable="YES"/>
                        <subviews>
                            <button opaque="NO" contentMode="scaleToFill" fixedFrame="YES" contentHorizontalAlignment="center" contentVerticalAlignment="center" buttonType="roundedRect" lineBreakMode="middleTruncation" translatesAutoresizingMaskIntoConstraints="NO" id="yep-ZK-Y2F">
                                <rect key="frame" x="34" y="510" width="307" height="147"/>
                                <autoresizingMask key="autoresizingMask" flexibleMaxX="YES" flexibleMaxY="YES"/>
                                <fontDescription key="fontDescription" type="system" pointSize="29"/>
                                <state key="normal" title="Back" backgroundImage="Back">
                                    <color key="titleColor" cocoaTouchSystemColor="groupTableViewBackgroundColor"/>
                                </state>
                                <connections>
                                    <segue destination="tGk-WZ-NYM" kind="show" id="Jzx-GA-962"/>
                                </connections>
                            </button>
                            <imageView clipsSubviews="YES" userInteractionEnabled="NO" contentMode="scaleAspectFit" horizontalHuggingPriority="251" verticalHuggingPriority="251" fixedFrame="YES" image="arts" translatesAutoresizingMaskIntoConstraints="NO" id="gqr-F3-HUA">
                                <rect key="frame" x="0.0" y="0.0" width="375" height="492"/>
                                <autoresizingMask key="autoresizingMask" flexibleMaxX="YES" flexibleMaxY="YES"/>
                            </imageView>
                        </subviews>
                        <color key="backgroundColor" systemColor="systemBackgroundColor" cocoaTouchSystemColor="whiteColor"/>
                        <viewLayoutGuide key="safeArea" id="QYE-9c-l3Z"/>
                    </view>
                    <navigationItem key="navigationItem" id="aKa-7D-UzZ"/>
                </viewController>
                <placeholder placeholderIdentifier="IBFirstResponder" id="PLa-Io-Tme" userLabel="First Responder" customClass="UIResponder" sceneMemberID="firstResponder"/>
            </objects>
            <point key="canvasLocation" x="2670" y="713"/>
        </scene>
        <!--View Controller-->
        <scene sceneID="0lf-l4-7sB">
            <objects>
                <viewController id="hhW-Q1-Wbl" sceneMemberID="viewController">
                    <view key="view" contentMode="scaleToFill" id="rN6-Iz-ebo">
                        <rect key="frame" x="0.0" y="0.0" width="375" height="647"/>
                        <autoresizingMask key="autoresizingMask" widthSizable="YES" heightSizable="YES"/>
                        <subviews>
                            <imageView clipsSubviews="YES" userInteractionEnabled="NO" contentMode="scaleAspectFit" horizontalHuggingPriority="251" verticalHuggingPriority="251" fixedFrame="YES" image="diplamo" translatesAutoresizingMaskIntoConstraints="NO" id="lH9-JL-102">
                                <rect key="frame" x="0.0" y="0.0" width="375" height="492"/>
                                <autoresizingMask key="autoresizingMask" flexibleMaxX="YES" flexibleMaxY="YES"/>
                            </imageView>
                            <button opaque="NO" contentMode="scaleToFill" fixedFrame="YES" contentHorizontalAlignment="center" contentVerticalAlignment="center" buttonType="roundedRect" lineBreakMode="middleTruncation" translatesAutoresizingMaskIntoConstraints="NO" id="V7E-Ve-xzM">
                                <rect key="frame" x="34" y="500" width="307" height="147"/>
                                <autoresizingMask key="autoresizingMask" flexibleMaxX="YES" flexibleMaxY="YES"/>
                                <fontDescription key="fontDescription" type="system" pointSize="29"/>
                                <state key="normal" title="Back" backgroundImage="Back">
                                    <color key="titleColor" cocoaTouchSystemColor="groupTableViewBackgroundColor"/>
                                </state>
                                <connections>
                                    <segue destination="tGk-WZ-NYM" kind="show" id="FO0-uh-hOP"/>
                                </connections>
                            </button>
                        </subviews>
                        <color key="backgroundColor" systemColor="systemBackgroundColor" cocoaTouchSystemColor="whiteColor"/>
                        <viewLayoutGuide key="safeArea" id="yqz-cV-QmG"/>
                    </view>
                    <navigationItem key="navigationItem" id="6hv-RO-8wa"/>
                </viewController>
                <placeholder placeholderIdentifier="IBFirstResponder" id="zQT-DT-TX7" userLabel="First Responder" customClass="UIResponder" sceneMemberID="firstResponder"/>
            </objects>
            <point key="canvasLocation" x="2670" y="1423"/>
        </scene>
        <!--View Controller-->
        <scene sceneID="eVT-Ol-1Pg">
            <objects>
                <viewController id="ubI-fR-2ac" sceneMemberID="viewController">
                    <view key="view" contentMode="scaleToFill" id="a1S-jG-G4w">
                        <rect key="frame" x="0.0" y="0.0" width="375" height="647"/>
                        <autoresizingMask key="autoresizingMask" widthSizable="YES" heightSizable="YES"/>
                        <subviews>
                            <button opaque="NO" contentMode="scaleToFill" fixedFrame="YES" contentHorizontalAlignment="center" contentVerticalAlignment="center" buttonType="roundedRect" lineBreakMode="middleTruncation" translatesAutoresizingMaskIntoConstraints="NO" id="A0h-Qy-TQ0">
                                <rect key="frame" x="37" y="488" width="307" height="147"/>
                                <autoresizingMask key="autoresizingMask" flexibleMaxX="YES" flexibleMaxY="YES"/>
                                <fontDescription key="fontDescription" type="system" pointSize="29"/>
                                <state key="normal" title="Back" backgroundImage="Back">
                                    <color key="titleColor" cocoaTouchSystemColor="groupTableViewBackgroundColor"/>
                                </state>
                                <connections>
                                    <segue destination="tGk-WZ-NYM" kind="show" id="s3p-Go-GOx"/>
                                </connections>
                            </button>
                            <imageView clipsSubviews="YES" userInteractionEnabled="NO" contentMode="scaleAspectFit" horizontalHuggingPriority="251" verticalHuggingPriority="251" fixedFrame="YES" image="science" translatesAutoresizingMaskIntoConstraints="NO" id="ZDI-NT-AfX">
                                <rect key="frame" x="0.0" y="34" width="375" height="472"/>
                                <autoresizingMask key="autoresizingMask" flexibleMaxX="YES" flexibleMaxY="YES"/>
                            </imageView>
                        </subviews>
                        <color key="backgroundColor" systemColor="systemBackgroundColor" cocoaTouchSystemColor="whiteColor"/>
                        <viewLayoutGuide key="safeArea" id="zWQ-Wg-pEC"/>
                    </view>
                    <navigationItem key="navigationItem" id="6r3-1E-Fwx"/>
                </viewController>
                <placeholder placeholderIdentifier="IBFirstResponder" id="Uml-GC-QqN" userLabel="First Responder" customClass="UIResponder" sceneMemberID="firstResponder"/>
            </objects>
            <point key="canvasLocation" x="2669.5999999999999" y="-653.52323838080963"/>
        </scene>
    </scenes>
    <resources>
        <image name="12 commerce" width="944" height="720"/>
        <image name="86-867888_career-clipart-multiple-path-you-confused-about-your" width="773" height="562"/>
        <image name="Back" width="960" height="480"/>
        <image name="CS_Communication_&amp;_Systems_Logo" width="1632" height="525"/>
        <image name="Class 12 Science" width="813" height="772"/>
        <image name="after graduation" width="728" height="420"/>
        <image name="all" width="177" height="285"/>
        <image name="arts" width="279" height="300"/>
        <image name="arts-courses 12" width="763" height="579"/>
        <image name="b9dd27eff2a3776b0451c480f1ba8954" width="750" height="1334"/>
        <image name="buttons_PNG21" width="960" height="480"/>
        <image name="commerce" width="638" height="479"/>
        <image name="diplamo" width="670" height="396"/>
        <image name="diplamo 12" width="638" height="479"/>
        <image name="science" width="729" height="426"/>
    </resources>
    <inferredMetricsTieBreakers>
        <segue reference="0oQ-h6-SFs"/>
        <segue reference="QEy-uD-4uO"/>
        <segue reference="s3p-Go-GOx"/>
        <segue reference="FbA-fp-04O"/>
    </inferredMetricsTieBreakers>
</document>
